model,MAE,RMSE,MAPE,granularity
GBM (XGBoost),59575.29611169262,1060307.1465620692,1648.911028741335,quarterly
GBM (XGBoost),14735.25503415112,238552.569543906,1226.197713433376,monthly
